,InfoPublYear,InfoPublMon,0,1,2,3,4,5,6,7,8,9
0,2011,5,0.29934462904930115,0.8469019532203674,-1.8456227779388428,1.1023790836334229,-0.7938233017921448,1.0073249340057373,0.8868253827095032,-0.8113749623298645,-1.1301294565200806,0.25928306579589844
1,2011,6,1.0886657238006592,-0.07137354463338852,-0.6794641017913818,-1.0434379577636719,-0.6280667185783386,0.36198335886001587,1.5280170440673828,1.291402816772461,-2.5597262382507324,1.3774621486663818
2,2012,4,0.9842736721038818,0.04709697514772415,-1.3151625394821167,-1.8112791776657104,-0.0788438469171524,-0.22963547706604004,0.3494221866130829,2.0097694396972656,-2.7690136432647705,-0.5209436416625977
3,2013,5,1.0818028450012207,0.0674542561173439,-0.8584375381469727,-1.4812771081924438,-0.955052375793457,-0.1777799427509308,0.2414582222700119,1.1799660921096802,-1.9162942171096802,0.45791327953338623
